Classification_Accuracy,Regression_MAE,Regression_R2
0.23333333333333334,46.015248994639336,-0.01208528643195006
