Classification_Accuracy,Regression_MAE,Regression_R2
0.6283333333333333,26.660536719293038,0.1312588523494993
