Classification_Accuracy,Regression_MAE,Regression_R2
0.8208115709120128,13.84394080393699,0.12102320292154867
