Classification_Accuracy,Regression_MAE,Regression_R2
0.26,48.051595141601574,-0.09127332408387545
