Classification_Accuracy,Regression_MAE,Regression_R2
0.26,47.05340534991367,-0.05930641718736118
