Classification_Accuracy,Regression_MAE,Regression_R2
0.22666666666666666,47.4902906774571,-0.07688068049485697
