Classification_Accuracy,Regression_MAE,Regression_R2
0.2866666666666667,46.18220350201956,-0.01327888108954589
